{
  "model": "text-embedding-3-small",
  "dims": 512,
  "alpha": 0.7,
  "topics": {
    "creditreform_insights": {
      "cutoff": 0.4699999999999999,
      "goal_vec": [
        -0.026196885854005814,
        0.004347773268818855,
        0.08462251722812653,
        0.038293641060590744,
        -0.018477244302630424,
        0.07481609284877777,
        -0.05494862422347069,
        0.0869951844215393,
        0.03812621161341667,
        -0.07634919881820679,
        0.04504750296473503,
        -0.08704672753810883,
        -0.08881697803735733,
        -0.01977819949388504,
        0.01969676837325096,
        0.029097694903612137,
        0.027929700911045074,
        -0.02052435092628002,
        -0.0658211037516594,
        0.0017860464286059141,
        0.03389185294508934,
        0.015628855675458908,
        -0.04245131090283394,
        0.05907386541366577,
        -0.008168194442987442,
        -0.010232807137072086,
        -0.08787554502487183,
        -0.0785442590713501,
        0.031683437526226044,
        -0.05214924365282059,
        0.08948734402656555,
        -0.042554281651973724,
        0.01762017235159874,
        0.04718417674303055,
        -0.007178972940891981,
        0.08269083499908447,
        -0.05419130623340607,
        0.05759654939174652,
        0.020764097571372986,
        0.04049334675073624,
        -0.00790596567094326,
        -0.0005014585913158953,
        0.0406806506216526,
        -0.04929574951529503,
        -0.04993177205324173,
        0.03377426415681839,
        -0.04768236353993416,
        -0.048728808760643005,
        0.007038943003863096,
        0.024774448946118355,
        -0.02559751830995083,
        0.014180752448737621,
        0.004084390122443438,
        -0.1202869862318039,
        -0.05637944117188454,
        -0.020428458228707314,
        0.0036658113822340965,
        0.04310723394155502,
        -0.06863115727901459,
        0.06092175468802452,
        0.0177879948168993,
        -0.0616205595433712,
        0.006344106048345566,
        -0.021497882902622223,
        -0.03665723279118538,
        -0.015291380695998669,
        -0.020672712475061417,
        0.12282989919185638,
        -0.009008935652673244,
        0.013201422989368439,
        -0.00577647564932704,
        -0.005463854409754276,
        0.03885449096560478,
        0.003396543674170971,
        -0.0313669815659523,
        -0.032849643379449844,
        0.03540514409542084,
        -0.01138676144182682,
        0.03744315356016159,
        0.07273618876934052,
        -0.10126582533121109,
        -0.0013572738971561193,
        -0.02029293403029442,
        -0.021683378145098686,
        0.008502391166985035,
        0.013123422861099243,
        0.06028211489319801,
        0.05640542879700661,
        -0.02043033018708229,
        0.01304635126143694,
        -0.05800164118409157,
        0.0036534168757498264,
        -0.00677505461499095,
        0.022434184327721596,
        -0.08146636188030243,
        -0.03783806785941124,
        -0.04426281154155731,
        0.05403854697942734,
        -0.0407639779150486,
        0.05300974100828171,
        0.006163229700177908,
        -0.027275510132312775,
        0.057265620678663254,
        -0.05882089585065842,
        0.03635203838348389,
        0.048757199198007584,
        -0.004064640495926142,
        -0.03891550749540329,
        0.04290462285280228,
        0.0001138226652983576,
        -0.0003743040142580867,
        -0.004632987082004547,
        -0.048222627490758896,
        0.029338112100958824,
        -0.0732535570859909,
        -0.07824797928333282,
        -0.09813638031482697,
        0.026580756530165672,
        0.04984897002577782,
        -0.03348160535097122,
        0.0521785244345665,
        -0.05118308961391449,
        0.04171374812722206,
        0.07742733508348465,
        -0.013330469839274883,
        0.02303662709891796,
        -0.08099836111068726,
        0.01807573437690735,
        -0.033901240676641464,
        -0.06965211778879166,
        0.00505449902266264,
        -0.0337335467338562,
        -0.00394017156213522,
        0.06100530922412872,
        -0.01732567697763443,
        -0.002799977781251073,
        0.015225589275360107,
        0.005059272050857544,
        0.018191831186413765,
        -0.05764232203364372,
        0.031967632472515106,
        0.043678540736436844,
        0.03389708697795868,
        0.02272842824459076,
        -0.12468051165342331,
        0.045602716505527496,
        -0.02080032043159008,
        -0.008080917410552502,
        -0.0009314050548709929,
        -0.029435399919748306,
        -0.0061292280443012714,
        -0.041967395693063736,
        -0.029954785481095314,
        -0.008090880699455738,
        0.04566127434372902,
        0.0024985976051539183,
        -0.01654728502035141,
        0.09156128764152527,
        0.02022283896803856,
        -0.016386961564421654,
        -0.054092004895210266,
        0.048004671931266785,
        -0.004830251447856426,
        -0.022782329469919205,
        0.07836338877677917,
        -0.016773540526628494,
        -0.002225385745987296,
        -0.04831957817077637,
        -0.06856834888458252,
        -0.06090651452541351,
        -0.02158728800714016,
        -0.055940985679626465,
        -0.027140185236930847,
        -0.0414174422621727,
        -0.11220435798168182,
        -0.014512726105749607,
        -0.03154928609728813,
        0.010185900144279003,
        0.06406497210264206,
        0.009156052954494953,
        0.02524624951183796,
        0.03811376169323921,
        0.011653706431388855,
        -0.06149253994226456,
        -0.011618154123425484,
        -0.04124852269887924,
        -0.09802761673927307,
        0.00978864822536707,
        -0.008411894552409649,
        0.03897406905889511,
        -0.0015946882776916027,
        0.026451919227838516,
        0.04624037817120552,
        0.04232029244303703,
        -0.028148086741566658,
        0.03477806970477104,
        -0.03208007290959358,
        -0.026250213384628296,
        0.04077574610710144,
        -0.06366197764873505,
        -0.05180101841688156,
        -0.10976044088602066,
        -0.0016834924463182688,
        0.03920862078666687,
        -0.13761182129383087,
        0.022255877032876015,
        0.0031236351933330297,
        0.06966876238584518,
        -0.0015132197877392173,
        0.058733124285936356,
        0.03318735584616661,
        0.041669707745313644,
        -0.07593628764152527,
        0.05504635348916054,
        -0.03318776562809944,
        -0.045927681028842926,
        -0.04994654282927513,
        0.004525094758719206,
        0.08684054017066956,
        0.03334958106279373,
        0.005318406503647566,
        0.010651500895619392,
        0.017027389258146286,
        0.034984152764081955,
        -0.04793306812644005,
        0.037888262420892715,
        0.03809034079313278,
        -0.0046051740646362305,
        -0.0029403544031083584,
        -0.061371635645627975,
        0.01518266461789608,
        -0.007174442056566477,
        -0.021444229409098625,
        -0.04157399386167526,
        -0.012173810042440891,
        0.012624318711459637,
        -0.017160626128315926,
        -0.0016156646888703108,
        -0.03313639014959335,
        -0.004238210152834654,
        -0.051302455365657806,
        0.045445799827575684,
        -0.054870426654815674,
        -0.03871887922286987,
        -0.021219540387392044,
        0.02732560783624649,
        0.0227834302932024,
        -0.011120753362774849,
        -0.03844759613275528,
        0.0014241934986785054,
        -0.019226863980293274,
        0.015307133086025715,
        0.03248477354645729,
        0.016611449420452118,
        -0.02932937815785408,
        -0.03329877927899361,
        0.02268364652991295,
        0.03435858339071274,
        0.03594278171658516,
        -0.024264035746455193,
